feature_set,model_name,train_sample_cap,eval_sample_cap,split,quantum_trained_balanced_accuracy_mean,quantum_untrained_balanced_accuracy_mean,best_classical_balanced_accuracy_mean,delta_quantum_minus_best_classical,delta_trained_minus_untrained_quantum,best_classical_kernel_names
latent_primitive_sequence,qfc_all_to_all,256,256,ood_composition,0.6247771623504744,0.4972423730013798,0.5184643768714446,0.10631278547902978,0.12753478934909462,laplacian_gamma_x0.5;laplacian_gamma_x1;laplacian_gamma_x2;laplacian_gamma_x8;rbf_gamma_x0.25;rbf_gamma_x0.5;rbf_gamma_x2;rbf_gamma_x8
latent_primitive_sequence,qfc_all_to_all,256,256,ood_depth,0.7798008748348317,0.5529165140440544,0.7379857648552417,0.04181510997959004,0.22688436079077734,laplacian_gamma_x0.5;laplacian_gamma_x1;laplacian_gamma_x2;laplacian_gamma_x8;rbf_gamma_x0.25;rbf_gamma_x0.5;rbf_gamma_x2;rbf_gamma_x8
latent_primitive_sequence,qfc_all_to_all,256,256,test,0.7428662537973137,0.5569895363476464,0.6486014347529626,0.09426481904435113,0.18587671744966738,laplacian_gamma_x0.5;laplacian_gamma_x1;laplacian_gamma_x2;laplacian_gamma_x8;rbf_gamma_x0.25;rbf_gamma_x0.5;rbf_gamma_x2;rbf_gamma_x8
latent_primitive_sequence,qfc_all_to_all,256,360,ood_composition,0.6247771623504744,0.5016968270653985,0.5187320974221838,0.10604506492829058,0.12308033528507589,laplacian_gamma_x0.5;laplacian_gamma_x1;laplacian_gamma_x2;laplacian_gamma_x4;laplacian_gamma_x8;rbf_gamma_x0.25;rbf_gamma_x0.5;rbf_gamma_x8
latent_primitive_sequence,qfc_all_to_all,256,360,ood_depth,0.7798008748348317,0.5816270666034308,0.7372964554179688,0.04250441941686289,0.19817380823140096,laplacian_gamma_x0.5;laplacian_gamma_x1;laplacian_gamma_x2;laplacian_gamma_x4;laplacian_gamma_x8;rbf_gamma_x0.25;rbf_gamma_x0.5;rbf_gamma_x8
latent_primitive_sequence,qfc_all_to_all,256,360,test,0.7414463042280659,0.5842149382732891,0.6643476399403091,0.0770986642877568,0.15723136595477682,laplacian_gamma_x0.5;laplacian_gamma_x1;laplacian_gamma_x2;laplacian_gamma_x4;laplacian_gamma_x8;rbf_gamma_x0.25;rbf_gamma_x0.5;rbf_gamma_x8
latent_primitive_sequence,qfc_all_to_all,810,256,ood_composition,0.624322213017772,0.5150328353452097,0.5197237321374754,0.10459848088029666,0.1092893776725623,laplacian_gamma_x4;laplacian_gamma_x8;rbf_gamma_x4
latent_primitive_sequence,qfc_all_to_all,810,256,ood_depth,0.7900511580159824,0.5857145658085543,0.7915098369586044,-0.0014586789426220825,0.20433659220742806,laplacian_gamma_x4;laplacian_gamma_x8;rbf_gamma_x4
latent_primitive_sequence,qfc_all_to_all,810,256,test,0.7604269462995059,0.6011921242232628,0.7536362231561925,0.006790723143313415,0.15923482207624307,laplacian_gamma_x4;laplacian_gamma_x8;rbf_gamma_x4
latent_primitive_sequence,qfc_all_to_all,810,360,ood_composition,0.624322213017772,0.49771989720579163,0.5188844464231896,0.10543776659458237,0.1266023158119804,laplacian_gamma_x4;laplacian_gamma_x8;rbf_gamma_x4
latent_primitive_sequence,qfc_all_to_all,810,360,ood_depth,0.7900511580159824,0.5861826111382699,0.7948194229881383,-0.004768264972155989,0.2038685468777125,laplacian_gamma_x4;laplacian_gamma_x8;rbf_gamma_x4
latent_primitive_sequence,qfc_all_to_all,810,360,test,0.7588338034470571,0.6031892352864364,0.7534328023419923,0.005401001105064807,0.15564456816062067,laplacian_gamma_x4;laplacian_gamma_x8;rbf_gamma_x4
latent_primitive_sequence,qfc_grammar,256,256,ood_composition,0.558858339928896,0.4932810615210544,0.5184643768714446,0.040393963057451354,0.06557727840784161,laplacian_gamma_x0.5;laplacian_gamma_x1;laplacian_gamma_x2;laplacian_gamma_x8;rbf_gamma_x0.25;rbf_gamma_x0.5;rbf_gamma_x2;rbf_gamma_x8
latent_primitive_sequence,qfc_grammar,256,256,ood_depth,0.7492455900905217,0.5417461580221907,0.7379857648552417,0.011259825235280019,0.207499432068331,laplacian_gamma_x0.5;laplacian_gamma_x1;laplacian_gamma_x2;laplacian_gamma_x8;rbf_gamma_x0.25;rbf_gamma_x0.5;rbf_gamma_x2;rbf_gamma_x8
latent_primitive_sequence,qfc_grammar,256,256,test,0.7243544706181115,0.5693185605229489,0.6486014347529626,0.07575303586514892,0.1550359100951626,laplacian_gamma_x0.5;laplacian_gamma_x1;laplacian_gamma_x2;laplacian_gamma_x8;rbf_gamma_x0.25;rbf_gamma_x0.5;rbf_gamma_x2;rbf_gamma_x8
latent_primitive_sequence,qfc_grammar,256,360,ood_composition,0.5632673192523844,0.4836672384388484,0.5187320974221838,0.04453522183020053,0.07960008081353598,laplacian_gamma_x0.5;laplacian_gamma_x1;laplacian_gamma_x2;laplacian_gamma_x4;laplacian_gamma_x8;rbf_gamma_x0.25;rbf_gamma_x0.5;rbf_gamma_x8
latent_primitive_sequence,qfc_grammar,256,360,ood_depth,0.7526838800678419,0.5451612024557677,0.7372964554179688,0.015387424649873083,0.2075226776120742,laplacian_gamma_x0.5;laplacian_gamma_x1;laplacian_gamma_x2;laplacian_gamma_x4;laplacian_gamma_x8;rbf_gamma_x0.25;rbf_gamma_x0.5;rbf_gamma_x8
latent_primitive_sequence,qfc_grammar,256,360,test,0.7271293553198032,0.5618391726458366,0.6643476399403091,0.06278171537949406,0.16529018267396656,laplacian_gamma_x0.5;laplacian_gamma_x1;laplacian_gamma_x2;laplacian_gamma_x4;laplacian_gamma_x8;rbf_gamma_x0.25;rbf_gamma_x0.5;rbf_gamma_x8
latent_primitive_sequence,qfc_grammar,810,256,ood_composition,0.5687295467262444,0.5051033784612355,0.5197237321374754,0.04900581458876907,0.06362616826500889,laplacian_gamma_x4;laplacian_gamma_x8;rbf_gamma_x4
latent_primitive_sequence,qfc_grammar,810,256,ood_depth,0.7568984123817997,0.5728773675835945,0.7915098369586044,-0.03461142457680477,0.18402104479820514,laplacian_gamma_x4;laplacian_gamma_x8;rbf_gamma_x4
latent_primitive_sequence,qfc_grammar,810,256,test,0.7431842846902029,0.5933208055037705,0.7536362231561925,-0.010451938465989574,0.1498634791864324,laplacian_gamma_x4;laplacian_gamma_x8;rbf_gamma_x4
latent_primitive_sequence,qfc_grammar,810,360,ood_composition,0.5675402754711838,0.5050951170573262,0.5188844464231896,0.04865582904799415,0.06244515841385756,laplacian_gamma_x4;laplacian_gamma_x8;rbf_gamma_x4
latent_primitive_sequence,qfc_grammar,810,360,ood_depth,0.7573430764134202,0.5717273033754897,0.7948194229881383,-0.0374763465747181,0.18561577303793053,laplacian_gamma_x4;laplacian_gamma_x8;rbf_gamma_x4
latent_primitive_sequence,qfc_grammar,810,360,test,0.7367126585608358,0.5869361744474821,0.7534328023419923,-0.016720143781156493,0.14977648411335365,laplacian_gamma_x4;laplacian_gamma_x8;rbf_gamma_x4
latent_primitive_sequence,qfc_linear_chain,256,256,ood_composition,0.5944053490752211,0.5014929850260385,0.5184643768714446,0.07594097220377649,0.09291236404918268,laplacian_gamma_x0.5;laplacian_gamma_x1;laplacian_gamma_x2;laplacian_gamma_x8;rbf_gamma_x0.25;rbf_gamma_x0.5;rbf_gamma_x2;rbf_gamma_x8
latent_primitive_sequence,qfc_linear_chain,256,256,ood_depth,0.7602707406498457,0.5741572748964575,0.7379857648552417,0.02228497579460398,0.18611346575338816,laplacian_gamma_x0.5;laplacian_gamma_x1;laplacian_gamma_x2;laplacian_gamma_x8;rbf_gamma_x0.25;rbf_gamma_x0.5;rbf_gamma_x2;rbf_gamma_x8
latent_primitive_sequence,qfc_linear_chain,256,256,test,0.7473566973442243,0.5559735112886758,0.6486014347529626,0.09875526259126166,0.1913831860555485,laplacian_gamma_x0.5;laplacian_gamma_x1;laplacian_gamma_x2;laplacian_gamma_x8;rbf_gamma_x0.25;rbf_gamma_x0.5;rbf_gamma_x2;rbf_gamma_x8
latent_primitive_sequence,qfc_linear_chain,256,360,ood_composition,0.5933187951796784,0.510249219981846,0.5187320974221838,0.0745866977574946,0.08306957519783242,laplacian_gamma_x0.5;laplacian_gamma_x1;laplacian_gamma_x2;laplacian_gamma_x4;laplacian_gamma_x8;rbf_gamma_x0.25;rbf_gamma_x0.5;rbf_gamma_x8
latent_primitive_sequence,qfc_linear_chain,256,360,ood_depth,0.7597899714190766,0.5374947664915989,0.7372964554179688,0.022493516001107716,0.22229520492747767,laplacian_gamma_x0.5;laplacian_gamma_x1;laplacian_gamma_x2;laplacian_gamma_x4;laplacian_gamma_x8;rbf_gamma_x0.25;rbf_gamma_x0.5;rbf_gamma_x8
latent_primitive_sequence,qfc_linear_chain,256,360,test,0.7405595005095826,0.5547085441722011,0.6643476399403091,0.07621186056927354,0.18585095633738158,laplacian_gamma_x0.5;laplacian_gamma_x1;laplacian_gamma_x2;laplacian_gamma_x4;laplacian_gamma_x8;rbf_gamma_x0.25;rbf_gamma_x0.5;rbf_gamma_x8
latent_primitive_sequence,qfc_linear_chain,810,256,ood_composition,0.6115489193274397,0.5022078422959478,0.5197237321374754,0.09182518718996435,0.10934107703149187,laplacian_gamma_x4;laplacian_gamma_x8;rbf_gamma_x4
latent_primitive_sequence,qfc_linear_chain,810,256,ood_depth,0.7740637412014215,0.5770243584013672,0.7915098369586044,-0.017446095757182922,0.19703938280005429,laplacian_gamma_x4;laplacian_gamma_x8;rbf_gamma_x4
latent_primitive_sequence,qfc_linear_chain,810,256,test,0.7682855763173968,0.5984056792089639,0.7536362231561925,0.014649353161204304,0.16987989710843288,laplacian_gamma_x4;laplacian_gamma_x8;rbf_gamma_x4
latent_primitive_sequence,qfc_linear_chain,810,360,ood_composition,0.6161739193274397,0.50442303762061,0.5188844464231896,0.09728947290425005,0.11175088170682967,laplacian_gamma_x4;laplacian_gamma_x8;rbf_gamma_x4
latent_primitive_sequence,qfc_linear_chain,810,360,ood_depth,0.7795696935823739,0.5984671836395832,0.7948194229881383,-0.015249729405764412,0.18110250994279076,laplacian_gamma_x4;laplacian_gamma_x8;rbf_gamma_x4
latent_primitive_sequence,qfc_linear_chain,810,360,test,0.7668946208403804,0.597803549839144,0.7534328023419923,0.013461818498388123,0.16909107100123644,laplacian_gamma_x4;laplacian_gamma_x8;rbf_gamma_x4
latent_primitive_sequence,qfc_no_entanglement,256,256,ood_composition,0.5819407365686053,0.4966966515592513,0.5184643768714446,0.0634763596971607,0.08524408500935404,laplacian_gamma_x0.5;laplacian_gamma_x1;laplacian_gamma_x2;laplacian_gamma_x8;rbf_gamma_x0.25;rbf_gamma_x0.5;rbf_gamma_x2;rbf_gamma_x8
latent_primitive_sequence,qfc_no_entanglement,256,256,ood_depth,0.746396722904325,0.5389015928234167,0.7379857648552417,0.008410958049083317,0.20749513008090836,laplacian_gamma_x0.5;laplacian_gamma_x1;laplacian_gamma_x2;laplacian_gamma_x8;rbf_gamma_x0.25;rbf_gamma_x0.5;rbf_gamma_x2;rbf_gamma_x8
latent_primitive_sequence,qfc_no_entanglement,256,256,test,0.7310808673876708,0.5328613814112206,0.6486014347529626,0.08247943263470814,0.19821948597645012,laplacian_gamma_x0.5;laplacian_gamma_x1;laplacian_gamma_x2;laplacian_gamma_x8;rbf_gamma_x0.25;rbf_gamma_x0.5;rbf_gamma_x2;rbf_gamma_x8
latent_primitive_sequence,qfc_no_entanglement,256,360,ood_composition,0.5881696927975615,0.49720394235850385,0.5187320974221838,0.06943759537537764,0.09096575043905764,laplacian_gamma_x0.5;laplacian_gamma_x1;laplacian_gamma_x2;laplacian_gamma_x4;laplacian_gamma_x8;rbf_gamma_x0.25;rbf_gamma_x0.5;rbf_gamma_x8
latent_primitive_sequence,qfc_no_entanglement,256,360,ood_depth,0.7505700776394775,0.5600004232139792,0.7372964554179688,0.01327362222150863,0.19056965442549822,laplacian_gamma_x0.5;laplacian_gamma_x1;laplacian_gamma_x2;laplacian_gamma_x4;laplacian_gamma_x8;rbf_gamma_x0.25;rbf_gamma_x0.5;rbf_gamma_x8
latent_primitive_sequence,qfc_no_entanglement,256,360,test,0.7351782333615341,0.5506697856487477,0.6643476399403091,0.070830593421225,0.1845084477127864,laplacian_gamma_x0.5;laplacian_gamma_x1;laplacian_gamma_x2;laplacian_gamma_x4;laplacian_gamma_x8;rbf_gamma_x0.25;rbf_gamma_x0.5;rbf_gamma_x8
latent_primitive_sequence,qfc_no_entanglement,810,256,ood_composition,0.5919574370391498,0.5158301413407074,0.5197237321374754,0.07223370490167447,0.07612729569844245,laplacian_gamma_x4;laplacian_gamma_x8;rbf_gamma_x4
latent_primitive_sequence,qfc_no_entanglement,810,256,ood_depth,0.7720157625209672,0.5601797424743025,0.7915098369586044,-0.019494074437637288,0.21183602004666469,laplacian_gamma_x4;laplacian_gamma_x8;rbf_gamma_x4
latent_primitive_sequence,qfc_no_entanglement,810,256,test,0.745505885298703,0.5760508781617617,0.7536362231561925,-0.008130337857489511,0.16945500713694128,laplacian_gamma_x4;laplacian_gamma_x8;rbf_gamma_x4
latent_primitive_sequence,qfc_no_entanglement,810,360,ood_composition,0.5856723640874101,0.523513745996626,0.5188844464231896,0.06678791766422043,0.062158618090784046,laplacian_gamma_x4;laplacian_gamma_x8;rbf_gamma_x4
latent_primitive_sequence,qfc_no_entanglement,810,360,ood_depth,0.7720034153176087,0.5560249438720157,0.7948194229881383,-0.022816007670529603,0.215978471445593,laplacian_gamma_x4;laplacian_gamma_x8;rbf_gamma_x4
latent_primitive_sequence,qfc_no_entanglement,810,360,test,0.7432741826161031,0.566284443241776,0.7534328023419923,-0.010158619725889162,0.17698973937432716,laplacian_gamma_x4;laplacian_gamma_x8;rbf_gamma_x4
latent_primitive_sequence,qfc_random_01,256,256,ood_composition,0.6142821535153129,0.49424339883635254,0.5184643768714446,0.09581777664386826,0.12003875467896036,laplacian_gamma_x0.5;laplacian_gamma_x1;laplacian_gamma_x2;laplacian_gamma_x8;rbf_gamma_x0.25;rbf_gamma_x0.5;rbf_gamma_x2;rbf_gamma_x8
latent_primitive_sequence,qfc_random_01,256,256,ood_depth,0.7618784986039409,0.5544604700247951,0.7379857648552417,0.023892733748699158,0.2074180285791457,laplacian_gamma_x0.5;laplacian_gamma_x1;laplacian_gamma_x2;laplacian_gamma_x8;rbf_gamma_x0.25;rbf_gamma_x0.5;rbf_gamma_x2;rbf_gamma_x8
latent_primitive_sequence,qfc_random_01,256,256,test,0.7523158852508746,0.5542291723374941,0.6486014347529626,0.10371445049791195,0.19808671291338042,laplacian_gamma_x0.5;laplacian_gamma_x1;laplacian_gamma_x2;laplacian_gamma_x8;rbf_gamma_x0.25;rbf_gamma_x0.5;rbf_gamma_x2;rbf_gamma_x8
latent_primitive_sequence,qfc_random_01,256,360,ood_composition,0.6137507769970941,0.5050262286579936,0.5187320974221838,0.09501867957491028,0.1087245483391005,laplacian_gamma_x0.5;laplacian_gamma_x1;laplacian_gamma_x2;laplacian_gamma_x4;laplacian_gamma_x8;rbf_gamma_x0.25;rbf_gamma_x0.5;rbf_gamma_x8
latent_primitive_sequence,qfc_random_01,256,360,ood_depth,0.7635830440584864,0.5546770411675463,0.7372964554179688,0.026286588640517583,0.20890600289094008,laplacian_gamma_x0.5;laplacian_gamma_x1;laplacian_gamma_x2;laplacian_gamma_x4;laplacian_gamma_x8;rbf_gamma_x0.25;rbf_gamma_x0.5;rbf_gamma_x8
latent_primitive_sequence,qfc_random_01,256,360,test,0.7441259054745959,0.5622703871571674,0.6643476399403091,0.0797782655342868,0.18185551831742852,laplacian_gamma_x0.5;laplacian_gamma_x1;laplacian_gamma_x2;laplacian_gamma_x4;laplacian_gamma_x8;rbf_gamma_x0.25;rbf_gamma_x0.5;rbf_gamma_x8
latent_primitive_sequence,qfc_random_01,810,256,ood_composition,0.6273145622450172,0.5008820493399722,0.5197237321374754,0.10759083010754189,0.1264325129050451,laplacian_gamma_x4;laplacian_gamma_x8;rbf_gamma_x4
latent_primitive_sequence,qfc_random_01,810,256,ood_depth,0.7711718026699215,0.5889998635363788,0.7915098369586044,-0.02033803428868297,0.18217193913354268,laplacian_gamma_x4;laplacian_gamma_x8;rbf_gamma_x4
latent_primitive_sequence,qfc_random_01,810,256,test,0.7649679106595307,0.603487244913699,0.7536362231561925,0.01133168750333824,0.16148066574583175,laplacian_gamma_x4;laplacian_gamma_x8;rbf_gamma_x4
latent_primitive_sequence,qfc_random_01,810,360,ood_composition,0.6280645622450172,0.4970430133543381,0.5188844464231896,0.10918011582182752,0.13102154889067907,laplacian_gamma_x4;laplacian_gamma_x8;rbf_gamma_x4
latent_primitive_sequence,qfc_random_01,810,360,ood_depth,0.7763801360032548,0.583674479825447,0.7948194229881383,-0.018439286984883507,0.19270565617780788,laplacian_gamma_x4;laplacian_gamma_x8;rbf_gamma_x4
latent_primitive_sequence,qfc_random_01,810,360,test,0.7546473374847744,0.5876694387449772,0.7534328023419923,0.001214535142782136,0.16697789873979718,laplacian_gamma_x4;laplacian_gamma_x8;rbf_gamma_x4
latent_primitive_sequence,qfc_random_01_random_label,256,256,ood_composition,0.4996990516515442,0.5170570114782156,0.5184643768714446,-0.01876532521990043,-0.017357959826671376,laplacian_gamma_x0.5;laplacian_gamma_x1;laplacian_gamma_x2;laplacian_gamma_x8;rbf_gamma_x0.25;rbf_gamma_x0.5;rbf_gamma_x2;rbf_gamma_x8
latent_primitive_sequence,qfc_random_01_random_label,256,256,ood_depth,0.5661591335789428,0.5375789961769375,0.7379857648552417,-0.17182663127629894,0.028580137402005268,laplacian_gamma_x0.5;laplacian_gamma_x1;laplacian_gamma_x2;laplacian_gamma_x8;rbf_gamma_x0.25;rbf_gamma_x0.5;rbf_gamma_x2;rbf_gamma_x8
latent_primitive_sequence,qfc_random_01_random_label,256,256,test,0.5426642317822494,0.5547994023607525,0.6486014347529626,-0.10593720297071318,-0.012135170578503107,laplacian_gamma_x0.5;laplacian_gamma_x1;laplacian_gamma_x2;laplacian_gamma_x8;rbf_gamma_x0.25;rbf_gamma_x0.5;rbf_gamma_x2;rbf_gamma_x8
latent_primitive_sequence,qfc_random_01_random_label,256,360,ood_composition,0.4996990516515442,0.5004759464172276,0.5187320974221838,-0.019033045770639634,-0.000776894765683378,laplacian_gamma_x0.5;laplacian_gamma_x1;laplacian_gamma_x2;laplacian_gamma_x4;laplacian_gamma_x8;rbf_gamma_x0.25;rbf_gamma_x0.5;rbf_gamma_x8
latent_primitive_sequence,qfc_random_01_random_label,256,360,ood_depth,0.5661591335789428,0.5397681619374666,0.7372964554179688,-0.17113732183902608,0.02639097164147619,laplacian_gamma_x0.5;laplacian_gamma_x1;laplacian_gamma_x2;laplacian_gamma_x4;laplacian_gamma_x8;rbf_gamma_x0.25;rbf_gamma_x0.5;rbf_gamma_x8
latent_primitive_sequence,qfc_random_01_random_label,256,360,test,0.549168138657066,0.5723504485748542,0.6643476399403091,-0.11517950128324306,-0.023182309917788135,laplacian_gamma_x0.5;laplacian_gamma_x1;laplacian_gamma_x2;laplacian_gamma_x4;laplacian_gamma_x8;rbf_gamma_x0.25;rbf_gamma_x0.5;rbf_gamma_x8
latent_primitive_sequence,qfc_random_01_random_label,810,256,ood_composition,0.48092088332833693,0.49684370571697023,0.5197237321374754,-0.038802848809138424,-0.015922822388633295,laplacian_gamma_x4;laplacian_gamma_x8;rbf_gamma_x4
latent_primitive_sequence,qfc_random_01_random_label,810,256,ood_depth,0.5878366708489186,0.5798820242812445,0.7915098369586044,-0.2036731661096859,0.007954646567674084,laplacian_gamma_x4;laplacian_gamma_x8;rbf_gamma_x4
latent_primitive_sequence,qfc_random_01_random_label,810,256,test,0.585556316053422,0.5853619762990441,0.7536362231561925,-0.16807990710277054,0.0001943397543778813,laplacian_gamma_x4;laplacian_gamma_x8;rbf_gamma_x4
latent_primitive_sequence,qfc_random_01_random_label,810,360,ood_composition,0.48092088332833693,0.5320241524045546,0.5188844464231896,-0.037963563094852715,-0.05110326907621765,laplacian_gamma_x4;laplacian_gamma_x8;rbf_gamma_x4
latent_primitive_sequence,qfc_random_01_random_label,810,360,ood_depth,0.5878366708489186,0.5674058033108788,0.7948194229881383,-0.2069827521392198,0.0204308675380398,laplacian_gamma_x4;laplacian_gamma_x8;rbf_gamma_x4
latent_primitive_sequence,qfc_random_01_random_label,810,360,test,0.5845546938154172,0.581946318049045,0.7534328023419923,-0.16887810852657503,0.002608375766372295,laplacian_gamma_x4;laplacian_gamma_x8;rbf_gamma_x4
latent_primitive_sequence,qfc_ring,256,256,ood_composition,0.5996752047582843,0.46437608183116924,0.5184643768714446,0.08121082788683964,0.13529912292711505,laplacian_gamma_x0.5;laplacian_gamma_x1;laplacian_gamma_x2;laplacian_gamma_x8;rbf_gamma_x0.25;rbf_gamma_x0.5;rbf_gamma_x2;rbf_gamma_x8
latent_primitive_sequence,qfc_ring,256,256,ood_depth,0.7464886443645525,0.5533471594570691,0.7379857648552417,0.008502879509310834,0.1931414849074834,laplacian_gamma_x0.5;laplacian_gamma_x1;laplacian_gamma_x2;laplacian_gamma_x8;rbf_gamma_x0.25;rbf_gamma_x0.5;rbf_gamma_x2;rbf_gamma_x8
latent_primitive_sequence,qfc_ring,256,256,test,0.7349859790357806,0.5548688081743391,0.6486014347529626,0.08638454428281794,0.1801171708614414,laplacian_gamma_x0.5;laplacian_gamma_x1;laplacian_gamma_x2;laplacian_gamma_x8;rbf_gamma_x0.25;rbf_gamma_x0.5;rbf_gamma_x2;rbf_gamma_x8
latent_primitive_sequence,qfc_ring,256,360,ood_composition,0.600282492207677,0.49193350124015645,0.5187320974221838,0.0815503947854932,0.1083489909675206,laplacian_gamma_x0.5;laplacian_gamma_x1;laplacian_gamma_x2;laplacian_gamma_x4;laplacian_gamma_x8;rbf_gamma_x0.25;rbf_gamma_x0.5;rbf_gamma_x8
latent_primitive_sequence,qfc_ring,256,360,ood_depth,0.7532327155107976,0.5520904301050125,0.7372964554179688,0.01593626009282878,0.20114228540578516,laplacian_gamma_x0.5;laplacian_gamma_x1;laplacian_gamma_x2;laplacian_gamma_x4;laplacian_gamma_x8;rbf_gamma_x0.25;rbf_gamma_x0.5;rbf_gamma_x8
latent_primitive_sequence,qfc_ring,256,360,test,0.7302880699392745,0.5504633489338289,0.6643476399403091,0.06594042999896543,0.17982472100544566,laplacian_gamma_x0.5;laplacian_gamma_x1;laplacian_gamma_x2;laplacian_gamma_x4;laplacian_gamma_x8;rbf_gamma_x0.25;rbf_gamma_x0.5;rbf_gamma_x8
latent_primitive_sequence,qfc_ring,810,256,ood_composition,0.5951550600178335,0.5178661542212575,0.5197237321374754,0.07543132788035811,0.07728890579657599,laplacian_gamma_x4;laplacian_gamma_x8;rbf_gamma_x4
latent_primitive_sequence,qfc_ring,810,256,ood_depth,0.7518573461504331,0.5772830228885155,0.7915098369586044,-0.03965249080817135,0.17457432326191757,laplacian_gamma_x4;laplacian_gamma_x8;rbf_gamma_x4
latent_primitive_sequence,qfc_ring,810,256,test,0.7491288347884544,0.581409528928656,0.7536362231561925,-0.004507388367738119,0.16771930585979833,laplacian_gamma_x4;laplacian_gamma_x8;rbf_gamma_x4
latent_primitive_sequence,qfc_ring,810,360,ood_composition,0.5911550600178335,0.4699495168059202,0.5188844464231896,0.07227061359464382,0.12120554321191329,laplacian_gamma_x4;laplacian_gamma_x8;rbf_gamma_x4
latent_primitive_sequence,qfc_ring,810,360,ood_depth,0.7505382819393828,0.553939203311791,0.7948194229881383,-0.04428114104875558,0.19659907862759174,laplacian_gamma_x4;laplacian_gamma_x8;rbf_gamma_x4
latent_primitive_sequence,qfc_ring,810,360,test,0.7537977102965373,0.574733386008502,0.7534328023419923,0.000364907954545024,0.17906432428803531,laplacian_gamma_x4;laplacian_gamma_x8;rbf_gamma_x4
