seed,topology,split,exact_initial_balanced_accuracy,trained_balanced_accuracy,shuffled_label_balanced_accuracy,trained_minus_exact_initial,trained_minus_shuffled_label,initial_C,trained_C,shuffled_C,initial_validation_balanced_accuracy,trained_validation_balanced_accuracy,shuffled_validation_balanced_accuracy
11,qfc_all_to_all,test,0.5681818181818181,0.7123655913978495,0.5474095796676441,0.14418377321603137,0.16495601173020535,10.0,10.0,1.0,0.5241935483870968,0.7971652003910068,0.5725806451612903
11,qfc_all_to_all,ood_composition,0.5641025641025641,0.5943833943833944,0.6018315018315019,0.030280830280830284,-0.007448107448107533,10.0,10.0,1.0,0.5241935483870968,0.7971652003910068,0.5725806451612903
11,qfc_all_to_all,ood_depth,0.5523023023023024,0.795045045045045,0.5195195195195195,0.24274274274274266,0.27552552552552556,10.0,10.0,1.0,0.5241935483870968,0.7971652003910068,0.5725806451612903
11,qfc_random_01,test,0.6165689149560117,0.7108993157380255,0.5,0.09433040078201371,0.21089931573802545,10.0,10.0,0.1,0.5716031280547409,0.7573313782991202,0.5
11,qfc_random_01,ood_composition,0.4623931623931624,0.6797313797313798,0.5,0.21733821733821734,0.17973137973137976,10.0,10.0,0.1,0.5716031280547409,0.7573313782991202,0.5
11,qfc_random_01,ood_depth,0.5397897897897898,0.7910410410410411,0.5,0.25125125125125136,0.2910410410410411,10.0,10.0,0.1,0.5716031280547409,0.7573313782991202,0.5
23,qfc_all_to_all,test,0.46358748778103614,0.7891006842619745,0.5246823069403714,0.3255131964809384,0.2644183773216031,10.0,1.0,10.0,0.5828431372549019,0.8088235294117647,0.5700980392156862
23,qfc_all_to_all,ood_composition,0.5435220125786163,0.6407547169811321,0.5246540880503144,0.09723270440251575,0.11610062893081763,10.0,1.0,10.0,0.5828431372549019,0.8088235294117647,0.5700980392156862
23,qfc_all_to_all,ood_depth,0.5089285714285714,0.8501984126984128,0.4365079365079365,0.3412698412698414,0.4136904761904763,10.0,1.0,10.0,0.5828431372549019,0.8088235294117647,0.5700980392156862
23,qfc_random_01,test,0.5388563049853372,0.7754154447702835,0.532258064516129,0.23655913978494625,0.24315738025415445,1.0,1.0,1.0,0.5941176470588235,0.7598039215686274,0.5911764705882353
23,qfc_random_01,ood_composition,0.5335849056603774,0.6062893081761006,0.5108176100628931,0.07270440251572319,0.09547169811320755,1.0,1.0,1.0,0.5941176470588235,0.7598039215686274,0.5911764705882353
23,qfc_random_01,ood_depth,0.5148809523809524,0.7817460317460317,0.5496031746031746,0.2668650793650793,0.2321428571428571,1.0,1.0,1.0,0.5941176470588235,0.7598039215686274,0.5911764705882353
37,qfc_all_to_all,test,0.5514615573569148,0.7871530336526652,0.5212478506509457,0.23569147629575038,0.2659051830017195,10.0,1.0,1.0,0.5659407878639588,0.7807682896990458,0.5712013701981894
37,qfc_all_to_all,ood_composition,0.4231464737793852,0.5968741927150607,0.5353913717385688,0.1737277189356755,0.061482820976491936,10.0,1.0,1.0,0.5659407878639588,0.7807682896990458,0.5712013701981894
37,qfc_all_to_all,ood_depth,0.5601953601953602,0.7824175824175824,0.607081807081807,0.2222222222222222,0.17533577533577538,10.0,1.0,1.0,0.5659407878639588,0.7807682896990458,0.5712013701981894
37,qfc_random_01,test,0.5295996069761729,0.8064357651682633,0.5297224269221321,0.2768361581920904,0.2767133382461312,1.0,1.0,1.0,0.5458771715194519,0.750917543430389,0.6085148030340103
37,qfc_random_01,ood_composition,0.46887109274089384,0.6148282097649186,0.5315164040299665,0.14595711702402475,0.08331180573495212,1.0,1.0,1.0,0.5458771715194519,0.750917543430389,0.6085148030340103
37,qfc_random_01,ood_depth,0.4522588522588522,0.8206349206349206,0.5609279609279609,0.3683760683760684,0.2597069597069597,1.0,1.0,1.0,0.5458771715194519,0.750917543430389,0.6085148030340103
41,qfc_all_to_all,test,0.5405372405372405,0.6807081807081807,0.5586080586080586,0.14017094017094023,0.12210012210012211,1.0,10.0,1.0,0.5283479960899315,0.7942326490713587,0.5532746823069403
41,qfc_all_to_all,ood_composition,0.49227895392278953,0.5058530510585305,0.47210460772104607,0.013574097135740981,0.033748443337484446,1.0,10.0,1.0,0.5283479960899315,0.7942326490713587,0.5532746823069403
41,qfc_all_to_all,ood_depth,0.5321123321123321,0.7042735042735042,0.48791208791208796,0.1721611721611721,0.21636141636141626,1.0,10.0,1.0,0.5283479960899315,0.7942326490713587,0.5532746823069403
41,qfc_random_01,test,0.6010989010989011,0.7278388278388279,0.5621489621489622,0.12673992673992684,0.16568986568986577,10.0,10.0,100.0,0.5009775171065494,0.7790811339198436,0.5246823069403714
41,qfc_random_01,ood_composition,0.5763387297633873,0.6403486924034869,0.5945205479452055,0.06400996264009962,0.04582814445828143,10.0,10.0,100.0,0.5009775171065494,0.7790811339198436,0.5246823069403714
41,qfc_random_01,ood_depth,0.5142857142857142,0.728083028083028,0.48376068376068376,0.21379731379731381,0.2443223443223443,10.0,10.0,100.0,0.5009775171065494,0.7790811339198436,0.5246823069403714
53,qfc_all_to_all,test,0.5610948191593352,0.7724828934506354,0.5478983382209188,0.21138807429130013,0.22458455522971654,1.0,1.0,1.0,0.5015873015873016,0.728083028083028,0.555921855921856
53,qfc_all_to_all,ood_composition,0.4621942179392142,0.6449221645663454,0.4902396837163331,0.1827279466271312,0.15468248085001235,1.0,1.0,1.0,0.5015873015873016,0.728083028083028,0.555921855921856
53,qfc_all_to_all,ood_depth,0.5258620689655172,0.783743842364532,0.5285714285714286,0.25788177339901475,0.2551724137931034,1.0,1.0,1.0,0.5015873015873016,0.728083028083028,0.555921855921856
53,qfc_random_01,test,0.5794232649071359,0.686217008797654,0.570136852394917,0.1067937438905181,0.11608015640273706,0.1,1.0,10.0,0.5047619047619047,0.6415140415140415,0.5241758241758242
53,qfc_random_01,ood_composition,0.5214974054855448,0.546454163577959,0.49728193723745984,0.024956758092414155,0.049172226340499114,0.1,1.0,10.0,0.5047619047619047,0.6415140415140415,0.5241758241758242
53,qfc_random_01,ood_depth,0.4504926108374384,0.7049261083743843,0.4625615763546798,0.2544334975369459,0.24236453201970448,0.1,1.0,10.0,0.5047619047619047,0.6415140415140415,0.5241758241758242
67,qfc_all_to_all,test,0.5803063998023227,0.7011366444279714,0.5731405979738078,0.12083024462564873,0.12799604645416363,1.0,1.0,1.0,0.6283272283272283,0.7811965811965812,0.6268620268620269
67,qfc_all_to_all,ood_composition,0.46379310344827585,0.6118226600985222,0.47931034482758617,0.1480295566502463,0.132512315270936,1.0,1.0,1.0,0.6283272283272283,0.7811965811965812,0.6268620268620269
67,qfc_all_to_all,ood_depth,0.6335775335775335,0.774969474969475,0.6105006105006106,0.14139194139194144,0.16446886446886444,1.0,1.0,1.0,0.6283272283272283,0.7811965811965812,0.6268620268620269
67,qfc_random_01,test,0.5803063998023227,0.7064492216456635,0.5607857672349889,0.1261428218433408,0.14566345441067463,1.0,1.0,1.0,0.5571428571428572,0.7186813186813187,0.5330891330891331
67,qfc_random_01,ood_composition,0.4822660098522167,0.6603448275862069,0.4623152709359606,0.17807881773399026,0.19802955665024635,1.0,1.0,1.0,0.5571428571428572,0.7186813186813187,0.5330891330891331
67,qfc_random_01,ood_depth,0.617948717948718,0.8131868131868132,0.5874236874236874,0.1952380952380952,0.22576312576312574,1.0,1.0,1.0,0.5571428571428572,0.7186813186813187,0.5330891330891331
79,qfc_all_to_all,test,0.5,0.6799019607843138,0.5,0.17990196078431375,0.17990196078431375,0.1,10.0,0.1,0.5,0.6246642246642247,0.5
79,qfc_all_to_all,ood_composition,0.5,0.6502324443356986,0.5,0.1502324443356986,0.1502324443356986,0.1,10.0,0.1,0.5,0.6246642246642247,0.5
79,qfc_all_to_all,ood_depth,0.5,0.6407624633431085,0.5,0.1407624633431085,0.1407624633431085,0.1,10.0,0.1,0.5,0.6246642246642247,0.5
79,qfc_random_01,test,0.5,0.7563725490196078,0.5,0.2563725490196078,0.2563725490196078,0.1,1.0,0.1,0.5,0.7032967032967032,0.5
79,qfc_random_01,ood_composition,0.5,0.6539026180572547,0.5,0.1539026180572547,0.1539026180572547,0.1,1.0,0.1,0.5,0.7032967032967032,0.5
79,qfc_random_01,ood_depth,0.5,0.7209188660801564,0.5,0.22091886608015643,0.22091886608015643,0.1,1.0,0.1,0.5,0.7032967032967032,0.5
83,qfc_all_to_all,test,0.5,0.7576312576312576,0.5,0.2576312576312576,0.2576312576312576,0.1,10.0,0.1,0.5,0.7336265884652982,0.5
83,qfc_all_to_all,ood_composition,0.5,0.5476923076923077,0.5,0.0476923076923077,0.0476923076923077,0.1,10.0,0.1,0.5,0.7336265884652982,0.5
83,qfc_all_to_all,ood_depth,0.5,0.8157572791778811,0.5,0.3157572791778811,0.3157572791778811,0.1,10.0,0.1,0.5,0.7336265884652982,0.5
83,qfc_random_01,test,0.5,0.6879120879120879,0.5,0.1879120879120879,0.1879120879120879,0.1,10.0,0.1,0.5,0.7341153470185728,0.5
83,qfc_random_01,ood_composition,0.5,0.572051282051282,0.5,0.07205128205128197,0.07205128205128197,0.1,10.0,0.1,0.5,0.7341153470185728,0.5
83,qfc_random_01,ood_depth,0.5,0.7359921702960607,0.5,0.23599217029606068,0.23599217029606068,0.1,10.0,0.1,0.5,0.7341153470185728,0.5
97,qfc_all_to_all,test,0.5376068376068376,0.7114774114774115,0.5936507936507937,0.17387057387057392,0.11782661782661785,1.0,1.0,1.0,0.6008547008547009,0.788888888888889,0.5383394383394383
97,qfc_all_to_all,ood_composition,0.5540540540540541,0.4747247247247247,0.5558058058058059,-0.07932932932932935,-0.08108108108108114,1.0,1.0,1.0,0.6008547008547009,0.788888888888889,0.5383394383394383
97,qfc_all_to_all,ood_depth,0.5296703296703297,0.7266178266178266,0.5698412698412698,0.19694749694749691,0.15677655677655677,1.0,1.0,1.0,0.6008547008547009,0.788888888888889,0.5383394383394383
97,qfc_random_01,test,0.5534798534798535,0.7035409035409035,0.5542124542124542,0.15006105006104997,0.14932844932844924,1.0,1.0,1.0,0.521978021978022,0.7665445665445665,0.5301587301587302
97,qfc_random_01,ood_composition,0.5347847847847848,0.6321321321321322,0.5017517517517518,0.0973473473473474,0.13038038038038036,1.0,1.0,1.0,0.521978021978022,0.7665445665445665,0.5301587301587302
97,qfc_random_01,ood_depth,0.5368742368742369,0.7268620268620269,0.5924297924297924,0.1899877899877901,0.1344322344322345,1.0,1.0,1.0,0.521978021978022,0.7665445665445665,0.5301587301587302
109,qfc_all_to_all,test,0.5395354583642205,0.7575982209043737,0.6010625154435384,0.21806276254015322,0.15653570546083528,10.0,1.0,1.0,0.5202429149797572,0.7656882591093117,0.507085020242915
109,qfc_all_to_all,ood_composition,0.4479861625895725,0.7432666172473437,0.4514455151964418,0.29528045465777114,0.29182110205090184,10.0,1.0,1.0,0.5202429149797572,0.7656882591093117,0.507085020242915
109,qfc_all_to_all,ood_depth,0.5691176470588235,0.7803921568627451,0.5730392156862745,0.2112745098039216,0.20735294117647063,10.0,1.0,1.0,0.5202429149797572,0.7656882591093117,0.507085020242915
109,qfc_random_01,test,0.5483073881887818,0.6591302199159872,0.6221892760069188,0.11082283172720542,0.036940943909068436,10.0,1.0,100.0,0.5743927125506073,0.6842105263157895,0.5845141700404858
109,qfc_random_01,ood_composition,0.4251297257227576,0.5340993328391401,0.4077094143810229,0.10896960711638254,0.1263899184581172,10.0,1.0,100.0,0.5743927125506073,0.6842105263157895,0.5845141700404858
109,qfc_random_01,ood_depth,0.5906862745098038,0.8127450980392157,0.5137254901960784,0.22205882352941186,0.2990196078431373,10.0,1.0,100.0,0.5743927125506073,0.6842105263157895,0.5845141700404858
