model_name,split,n_seeds,qfc_balanced_accuracy_mean,learned_classical_balanced_accuracy_mean,untrained_qfc_balanced_accuracy_mean,delta_qfc_minus_learned_classical_mean,delta_qfc_minus_learned_classical_ci_low,delta_qfc_minus_learned_classical_ci_high,positive_seed_count,delta_trained_minus_untrained_mean,delta_trained_minus_untrained_ci_low,delta_trained_minus_untrained_ci_high
qfc_all_to_all,ood_composition,10,0.6010526273803061,0.6211711348650445,0.4973002809961204,-0.020118507484738424,-0.07008427702027384,0.03206935368670427,5,0.10375234638418562,0.04104201215426793,0.16932907037377615
qfc_all_to_all,ood_depth,10,0.7654177587770113,0.8087760571808275,0.5367775329057471,-0.04335829840381622,-0.07965438851816951,-0.015729273544435787,2,0.22864022587126404,0.17096128994455273,0.28561203893178677
qfc_all_to_all,test,10,0.7349555878696633,0.7874684743971935,0.5417563076712172,-0.05251288652753024,-0.08537241035315751,-0.0196035729375459,1,0.19319928019844607,0.16482030083662655,0.21961433507779257
qfc_random_01,ood_composition,10,0.614018194631986,0.6211711348650445,0.49862429311115264,-0.007152940233058347,-0.03462791849437817,0.01818383574845806,4,0.1153939015208334,0.07823057809644923,0.14978789782612165
qfc_random_01,ood_depth,10,0.7636136104343678,0.8087760571808275,0.5063890852646932,-0.04516244674645962,-0.07842452478825009,-0.013117836985009615,2,0.25722452516967464,0.23162605056262126,0.2842128560577093
qfc_random_01,test,10,0.7220211344347305,0.7874684743971935,0.5267107015194009,-0.06544733996246317,-0.11043429628869257,-0.019973499866478995,3,0.19531043291532946,0.15267206733877592,0.2405551943976863
qfc_random_01_random_label,ood_composition,10,0.5005912936344261,0.6211711348650445,0.4896379272578786,-0.1205798412306184,-0.15001363192453157,-0.0867607963428628,0,0.010953366376547414,-0.03985908847126346,0.05838790444594867
qfc_random_01_random_label,ood_depth,10,0.5250432365696057,0.8087760571808275,0.5397300660757717,-0.28373282061122174,-0.3178212763812245,-0.24510468174274214,0,-0.014686829506165872,-0.04894276832961592,0.015808734263687844
qfc_random_01_random_label,test,10,0.5431453803436502,0.7874684743971935,0.5474211582433502,-0.2443230940535434,-0.2729871268110396,-0.22119997152823334,0,-0.004275777899700117,-0.035114022075688214,0.03131029652460498
