y_true,y_pred,p_class0,p_class1
0,0,0.84964174,0.15035824
1,0,0.75902313,0.24097688
0,0,0.63787085,0.36212918
1,0,0.5437993,0.45620072
0,1,0.26508304,0.7349169
0,0,0.79850996,0.20149009
0,1,0.49994522,0.5000548
0,1,0.45061138,0.5493886
1,0,0.67865336,0.32134667
0,0,0.764505,0.235495
0,0,0.80170375,0.19829626
0,0,0.5256316,0.4743684
0,1,0.0828332,0.9171668
1,0,0.83505094,0.164949
0,1,0.25197047,0.74802953
0,1,0.39182228,0.6081777
0,1,0.22628394,0.7737161
1,1,0.3656825,0.6343175
1,0,0.72949576,0.27050424
0,0,0.5639558,0.4360442
0,0,0.5831656,0.41683444
1,1,0.2197147,0.78028524
1,0,0.74999726,0.25000274
1,1,0.27543166,0.72456825
0,1,0.33313268,0.6668673
1,0,0.7505361,0.2494639
0,0,0.59210336,0.40789658
1,0,0.836671,0.16332902
0,1,0.4618994,0.53810066
0,0,0.86922264,0.1307773
1,0,0.6590016,0.34099838
0,0,0.54707533,0.45292467
1,0,0.7920165,0.20798354
0,0,0.877728,0.12227195
0,0,0.8485237,0.15147632
1,1,0.24353099,0.756469
1,1,0.31666264,0.6833374
1,0,0.59583193,0.40416813
1,1,0.289357,0.710643
0,0,0.71899277,0.28100726
1,0,0.71942097,0.280579
0,0,0.8176828,0.18231721
1,0,0.52824813,0.4717518
1,1,0.4225837,0.5774163
0,1,0.45518082,0.5448192
1,1,0.34618652,0.65381354
1,1,0.40993136,0.5900687
0,0,0.73876685,0.26123318
1,0,0.81623983,0.18376018
0,0,0.7149148,0.2850852
0,0,0.6696341,0.33036593
0,1,0.40023026,0.5997698
0,1,0.4297174,0.5702826
1,1,0.25408483,0.7459152
0,0,0.5018399,0.49816015
0,1,0.27671102,0.723289
1,1,0.45558196,0.54441804
0,0,0.5254465,0.47455359
1,0,0.58938056,0.41061947
1,0,0.6430075,0.35699248
1,1,0.27386695,0.72613305
0,0,0.5044351,0.49556485
0,0,0.7487693,0.25123075
1,0,0.7718016,0.22819847
0,0,0.59402096,0.4059791
0,0,0.6610864,0.3389136
1,0,0.5667801,0.4332199
1,0,0.70837796,0.29162204
0,0,0.639358,0.36064205
0,1,0.35558286,0.6444171
0,1,0.34846792,0.65153205
0,0,0.62125367,0.37874636
0,0,0.5782968,0.4217032
1,1,0.3322157,0.66778433
0,1,0.2331541,0.7668458
0,0,0.60584575,0.39415425
0,0,0.5474672,0.45253283
0,1,0.21194991,0.7880501
1,0,0.6877941,0.3122059
0,1,0.37854892,0.6214511
0,1,0.13046934,0.8695306
1,0,0.6400385,0.35996154
1,1,0.22884256,0.7711575
1,0,0.7122334,0.28776667
1,1,0.47543088,0.5245691
0,1,0.3977926,0.60220736
0,0,0.5278198,0.47218013
1,1,0.11071665,0.88928336
1,1,0.38176933,0.6182307
0,0,0.7484393,0.2515607
0,0,0.54403466,0.45596534
0,1,0.38609675,0.6139032
0,1,0.45053327,0.5494667
0,0,0.80671716,0.19328289
1,0,0.7897889,0.2102111
1,0,0.6731761,0.3268239
1,1,0.34440467,0.65559536
1,1,0.28335884,0.71664125
0,0,0.79415405,0.20584592
0,0,0.5618252,0.43817475
1,1,0.32597092,0.67402905
0,1,0.37206388,0.6279362
1,0,0.92059815,0.07940191
1,1,0.48463556,0.51536447
0,0,0.50450796,0.49549207
0,1,0.44598195,0.55401796
0,1,0.44382843,0.5561716
0,1,0.43086025,0.5691397
0,1,0.4668883,0.5331117
1,1,0.2952588,0.70474124
0,1,0.13312991,0.86687005
1,0,0.5218569,0.4781431
1,1,0.37189978,0.6281003
1,1,0.40259674,0.5974032
1,0,0.5024598,0.4975402
0,0,0.62346333,0.37653664
1,0,0.60238993,0.39761007
1,0,0.5018573,0.49814266
1,1,0.38902816,0.61097187
0,1,0.08900901,0.91099095
0,1,0.28871346,0.71128654
0,0,0.74584776,0.25415227
0,0,0.5820997,0.41790035
0,0,0.54877985,0.4512201
0,1,0.25653347,0.74346656
0,1,0.27520427,0.72479576
1,0,0.8440827,0.1559173
1,0,0.6733272,0.32667276
0,1,0.45976573,0.54023427
0,0,0.6612489,0.33875102
0,1,0.27421388,0.72578615
0,0,0.6466493,0.3533506
0,1,0.21239695,0.787603
1,0,0.59727055,0.40272945
0,1,0.40660366,0.59339637
1,0,0.6143173,0.38568273
1,0,0.85224694,0.14775304
0,1,0.38999262,0.6100074
0,1,0.4315625,0.56843746
1,1,0.45087674,0.54912317
0,0,0.63510764,0.36489236
0,0,0.5483051,0.4516949
0,0,0.7097839,0.2902161
0,0,0.71752125,0.28247872
0,0,0.5123169,0.48768315
0,1,0.39068276,0.6093173
1,1,0.17535444,0.8246456
1,1,0.21319062,0.7868093
0,0,0.5877655,0.41223451
0,1,0.49531862,0.5046814
1,0,0.78037137,0.21962862
0,1,0.4046506,0.5953494
0,0,0.7160178,0.2839822
1,1,0.46830696,0.53169304
1,1,0.4884989,0.51150113
0,1,0.16431351,0.8356865
1,0,0.5090077,0.49099222
0,1,0.47702777,0.5229723
0,1,0.19488674,0.80511326
0,0,0.7115793,0.28842065
1,1,0.108990185,0.8910098
1,0,0.6524944,0.34750563
0,1,0.32894814,0.67105186
1,0,0.76633495,0.23366505
0,1,0.32228035,0.6777196
0,0,0.81474435,0.1852556
0,0,0.55299395,0.44700605
1,1,0.32938492,0.67061514
1,0,0.6859965,0.3140035
0,1,0.4146526,0.5853474
1,0,0.59070355,0.40929642
0,0,0.79315567,0.20684436
1,0,0.7587408,0.2412592
1,1,0.46708745,0.5329126
1,0,0.55354583,0.44645417
0,0,0.79532593,0.20467412
0,1,0.31157625,0.68842375
0,1,0.44580036,0.5541997
0,0,0.65325576,0.34674424
1,1,0.2894892,0.7105108
1,0,0.5958135,0.4041865
1,1,0.39024568,0.6097543
1,1,0.27191043,0.7280896
1,0,0.55744284,0.44255716
1,0,0.65813404,0.34186602
0,0,0.821895,0.17810504
0,0,0.9166734,0.08332657
1,1,0.21334955,0.7866504
0,1,0.048963286,0.95103675
0,0,0.86667967,0.13332038
1,0,0.86646855,0.13353138
1,1,0.18332091,0.81667906
0,0,0.5941252,0.4058748
0,0,0.8284521,0.17154789
0,0,0.5021288,0.4978712
1,1,0.2942798,0.7057202
0,0,0.54967844,0.4503215
1,1,0.25784704,0.7421529
1,0,0.7387724,0.2612277
1,0,0.7908863,0.20911376
1,1,0.3791614,0.62083864
1,0,0.68084705,0.319153
1,1,0.08514613,0.9148539
0,0,0.5384194,0.4615806
1,1,0.20626096,0.793739
1,1,0.4205853,0.5794147
0,0,0.85087067,0.14912935
0,0,0.5818469,0.41815308
1,0,0.7288212,0.27117878
0,0,0.7034605,0.29653946
1,0,0.50543714,0.4945629
1,1,0.384152,0.61584806
1,1,0.1548648,0.8451353
0,0,0.80373526,0.19626477
0,0,0.79866534,0.20133467
0,0,0.8969628,0.10303716
1,0,0.7122501,0.28774995
0,0,0.94319993,0.056800026
0,0,0.7904818,0.20951821
0,0,0.755258,0.24474196
1,1,0.39682114,0.60317886
1,1,0.14517294,0.8548271
0,0,0.7421236,0.25787646
1,1,0.061104413,0.93889564
0,0,0.8219499,0.17805004
1,0,0.7647166,0.23528337
0,0,0.892027,0.10797298
0,1,0.18209407,0.81790596
1,1,0.34197494,0.658025
1,0,0.7219067,0.27809334
1,1,0.12525119,0.8747489
1,1,0.26634943,0.7336506
1,1,0.41264123,0.58735883
1,0,0.5797146,0.4202854
0,0,0.8790452,0.12095476
1,0,0.84347755,0.15652242
0,1,0.27960885,0.72039115
0,0,0.8315486,0.16845143
0,1,0.4938228,0.50617725
0,0,0.8516329,0.14836714
1,1,0.19632573,0.8036743
0,0,0.84692436,0.15307564
0,0,0.6958969,0.30410308
0,0,0.74510497,0.254895
0,0,0.65384215,0.34615788
0,1,0.34563702,0.65436304
1,1,0.21714573,0.7828543
0,1,0.35238582,0.6476142
1,0,0.76709855,0.2329014
0,0,0.6447902,0.35520983
1,1,0.49164185,0.50835806
0,0,0.6961285,0.3038715
1,1,0.23602,0.76398
1,1,0.42713416,0.57286584
0,1,0.43258968,0.56741023
1,0,0.74262464,0.25737536
1,1,0.40923372,0.5907664
0,0,0.6150973,0.38490272
0,1,0.2209782,0.7790218
0,0,0.6443037,0.3556963
1,0,0.61675966,0.38324034
0,0,0.77699405,0.2230059
0,0,0.89675033,0.103249684
1,0,0.67090005,0.32909998
0,0,0.6167892,0.38321078
1,1,0.46017218,0.5398278
0,0,0.8450423,0.15495771
0,1,0.27423397,0.72576606
1,0,0.6140011,0.38599896
1,1,0.44397146,0.5560286
1,0,0.6162388,0.38376117
0,0,0.8981085,0.10189148
1,0,0.646708,0.353292
0,0,0.75052583,0.24947415
0,0,0.6509404,0.34905955
0,1,0.3309768,0.66902316
0,0,0.575668,0.424332
0,0,0.5217091,0.478291
1,1,0.2752727,0.7247273
1,0,0.8130707,0.1869293
0,0,0.8358702,0.16412972
0,0,0.5444796,0.45552036
0,0,0.8060084,0.19399157
0,0,0.5694514,0.43054855
0,0,0.7638835,0.23611645
1,1,0.08309587,0.9169041
1,1,0.20874488,0.7912551
1,1,0.35318953,0.6468105
1,1,0.49106324,0.5089368
1,0,0.5891252,0.41087475
0,0,0.6163147,0.38368526
0,0,0.8409082,0.15909173
1,0,0.59734493,0.40265507
1,1,0.20583299,0.794167
1,0,0.5055128,0.49448732
1,0,0.7316812,0.26831883
1,1,0.0847636,0.91523635
1,1,0.43190423,0.5680958
0,0,0.7006296,0.2993704
0,1,0.3590592,0.6409407
0,0,0.91856104,0.081438966
1,0,0.6887728,0.31122723
1,0,0.6124229,0.38757712
1,1,0.23729979,0.7627002
0,1,0.2233942,0.77660584
0,0,0.7596886,0.2403114
1,1,0.078198045,0.921802
1,0,0.7994269,0.20057307
0,1,0.23049633,0.76950365
1,0,0.6029426,0.39705744
1,1,0.35614783,0.6438522
0,0,0.54261905,0.45738098
0,1,0.43100497,0.56899506
1,1,0.24886388,0.7511361
0,0,0.88074213,0.119257875
1,1,0.17979753,0.8202025
0,1,0.47082505,0.529175
0,0,0.6093225,0.3906775
0,1,0.41127053,0.5887295
0,0,0.6252078,0.37479225
1,1,0.23106202,0.76893795
1,0,0.8830352,0.11696488
0,1,0.413035,0.586965
0,0,0.8315245,0.16847551
1,1,0.2320797,0.7679203
0,0,0.57376236,0.42623767
1,1,0.25064948,0.7493505
1,0,0.58856106,0.4114389
0,0,0.7210211,0.27897888
0,0,0.73274124,0.2672587
0,0,0.84799886,0.15200122
1,1,0.19297129,0.8070287
0,0,0.8170409,0.18295911
0,1,0.4019491,0.59805083
0,0,0.6473927,0.35260725
1,1,0.29143804,0.70856196
0,0,0.87639064,0.1236093
0,1,0.45629916,0.5437008
1,0,0.5036871,0.49631292
0,1,0.35734847,0.64265144
0,0,0.9135255,0.0864745
0,0,0.5483898,0.45161015
1,0,0.50776345,0.49223652
0,0,0.8956152,0.10438483
1,0,0.6561431,0.3438569
0,0,0.88656014,0.11343987
1,1,0.12376013,0.8762399
1,1,0.11705821,0.8829418
0,0,0.62341493,0.37658513
1,1,0.35904512,0.64095485
1,1,0.25102243,0.7489776
1,1,0.101927444,0.89807254
0,0,0.5081914,0.4918086
1,1,0.49352962,0.5064704
0,1,0.18403734,0.8159627
0,0,0.9000103,0.0999897
0,0,0.6329228,0.36707717
0,0,0.5270768,0.4729232
1,1,0.22753893,0.77246106
1,1,0.37968278,0.6203172
